Model,Precision,Recall,F1
LightGBM,0.644808743169399,0.31216931216931215,0.4206773618538324
RandomForest,0.6321243523316062,0.32275132275132273,0.4273204903677758
